{
  "mean": 27171414.88981955,
  "median": 26778776.24632281,
  "q25": 24472459.42512107,
  "q75": 29693838.40681332,
  "cf_lower": 20749363.449001048,
  "cf_upper": 35446763.067207165,
  "cv": 0.14375799144372362
}