{
  "mean": 27126827.323472336,
  "q25": 24861252.78544628,
  "q75": 28831344.225163262
}