{
  "mean": 27291986.991938516,
  "median": 27024041.033293903,
  "q25": 24163114.68516089,
  "q75": 30192259.99294913,
  "cf_lower": 19967711.879707947,
  "cf_upper": 35987702.68949471,
  "cv": 0.1566366254059727
}