{
  "nsample_104": {
    "uncond_cf_low": {
      "mean": 19994581.036184505,
      "low": 19653107.19883166,
      "up": 20527860.360643186
    },
    "uncond_cf_up": {
      "mean": 36217691.60438509,
      "low": 35265149.809262656,
      "up": 37398238.25327425
    },
    "uncond_mean": 27308114.81340355,
    "cv": 0.15674619327607933
  },
  "nsample_117": {
    "uncond_cf_low": {
      "mean": 20004137.800796494,
      "low": 19508889.95068228,
      "up": 20497402.381730422
    },
    "uncond_cf_up": {
      "mean": 36228305.949932486,
      "low": 35345814.639415145,
      "up": 37275903.94199815
    },
    "uncond_mean": 27304164.961393565,
    "cv": 0.15678205007058965
  },
  "nsample_130": {
    "uncond_cf_low": {
      "mean": 20017237.338526472,
      "low": 19500017.851046663,
      "up": 20470319.6549653
    },
    "uncond_cf_up": {
      "mean": 36187890.067329526,
      "low": 35222013.79510789,
      "up": 37277274.08685127
    },
    "uncond_mean": 27295219.37277572,
    "cv": 0.15653911601149167
  },
  "nsample_143": {
    "uncond_cf_low": {
      "mean": 19971430.789233815,
      "low": 19442111.334926438,
      "up": 20465033.774467424
    },
    "uncond_cf_up": {
      "mean": 36179371.68611464,
      "low": 35190981.85430052,
      "up": 37407277.926632
    },
    "uncond_mean": 27295027.753760077,
    "cv": 0.1565567421704148
  },
  "nsample_156": {
    "uncond_cf_low": {
      "mean": 19982015.12914251,
      "low": 19496537.622318525,
      "up": 20476551.188660957
    },
    "uncond_cf_up": {
      "mean": 36170145.96020616,
      "low": 35207096.308884844,
      "up": 37378210.550472766
    },
    "uncond_mean": 27292017.11539897,
    "cv": 0.1566366254059727
  },
  "nsample_169": {
    "uncond_cf_low": {
      "mean": 19985570.297428135,
      "low": 19487749.86369944,
      "up": 20472433.090372782
    },
    "uncond_cf_up": {
      "mean": 36155124.530581586,
      "low": 35141871.34844517,
      "up": 37292667.782095216
    },
    "uncond_mean": 27291651.440901745,
    "cv": 0.15649585599858362
  }
}