,mean,lower,upper
22_552_uniform,0.01594292897619801,0.0102,0.0234
11_156_uniform,0.005524531651862962,0.0019,0.0113
11_156_beta,0.005873856396901539,0.002,0.0112
